n,radix_seconds,heap_seconds
1000,0,0.001017
2000,0.001012,0.000999
5000,0.002002,0.004523
10000,0.004537,0.009608
20000,0.009068,0.023305
50000,0.026415,0.063589
100000,0.054404,0.172116
200000,0.099912,0.307641
500000,0.226312,0.899613
1000000,0.429188,1.94526
